{"aa": [0.3333333333333333, 1.8856180831641267], "kernel": "rbf", "C": 1, "labels": ["0", "1", "2"], "class_report": "             precision    recall  f1-score   support\n\n          0       0.00      0.00      0.00         4\n          1       0.00      0.00      0.00         4\n          2       0.33      1.00      0.50         4\n\navg / total       0.11      0.33      0.17        12\n", "y_data": [[0, 0, 4], [0, 0, 4], [0, 0, 4]], "predictions": [2, 2, 2, 2, 2, 2, 2, 2, 2, 2, 2, 2], "oa": [0.33333333333333331, 0.47140452079103168], "test_target": [0, 0, 0, 0, 1, 1, 1, 1, 2, 2, 2, 2], "rbf": 0.33333333333333331, "y_data_normalized": [[0.0, 0.0, 1.0], [0.0, 0.0, 1.0], [0.0, 0.0, 1.0]], "gamma": 0.001}