{"aa": [0.5, 1.4142135623730951], "kernel": "rbf", "C": 1, "labels": ["0", "1", "2"], "class_report": "             precision    recall  f1-score   support\n\n          0       1.00      0.25      0.40         4\n          1       1.00      0.25      0.40         4\n          2       0.40      1.00      0.57         4\n\navg / total       0.80      0.50      0.46        12\n", "y_data": [[1, 0, 3], [0, 1, 3], [0, 0, 4]], "predictions": [2, 2, 2, 0, 2, 1, 2, 2, 2, 2, 2, 2], "oa": [0.5, 0.35355339059327379], "test_target": [0, 0, 0, 0, 1, 1, 1, 1, 2, 2, 2, 2], "rbf": 0.72222222222222221, "y_data_normalized": [[0.25, 0.0, 0.75], [0.0, 0.25, 0.75], [0.0, 0.0, 1.0]], "gamma": 0.0001}