{"aa": [0.5833333333333334, 1.247219128924647], "kernel": "rbf", "C": 1, "labels": ["0", "1", "2"], "class_report": "             precision    recall  f1-score   support\n\n          0       1.00      0.50      0.67         4\n          1       1.00      0.25      0.40         4\n          2       0.44      1.00      0.62         4\n\navg / total       0.81      0.58      0.56        12\n", "y_data": [[2, 0, 2], [0, 1, 3], [0, 0, 4]], "predictions": [0, 2, 2, 0, 2, 1, 2, 2, 2, 2, 2, 2], "oa": [0.58333333333333337, 0.31180478223116176], "test_target": [0, 0, 0, 0, 1, 1, 1, 1, 2, 2, 2, 2], "rbf": 0.80555555555555558, "y_data_normalized": [[0.5, 0.0, 0.5], [0.0, 0.25, 0.75], [0.0, 0.0, 1.0]], "gamma": 0.0001}